return;risk;real_return;sharpe_ratio;weights;type
18.548378298832205;5.044472314715873;18.523378298832206;3.6720150579071076;0.15217391304347827,0.23913043478260868,0.47826086956521735,0.13043478260869565;sharpe
10.941315307452474;3.8198622361702204;10.916315307452473;2.85777722664604;0.6571428571428573,0.2285714285714286,0.1142857142857143,0.0;risk
16.54672109221273;4.611968443719698;16.521721092212733;3.5823577923025516;0.25,0.25,0.25,0.25;original