return;risk;real_return;sharpe_ratio;weights;type
28.494846068114732;6.193752034618893;28.474846068114733;4.597350024502041;0.0,0.6976744186046512,0.3023255813953489;sharpe
25.86171162243114;6.138603933259126;25.84171162243114;4.209704992110671;0.12903225806451613,0.6129032258064516,0.25806451612903225;risk
21.889440619295534;6.547275565507333;21.869440619295535;3.340235247544667;0.3,0.3,0.4;original